Participant,motivation_subscale,mean_score
1,Nature_close,4.666666667
1,Sen_seek,3.5
1,Community,2.333333333
1,Rel_growth,1.333333333
1,Spirit_growth,4.2
1,Seek_life,5.25
2,Nature_close,4
2,Sen_seek,4.166666667
2,Community,3
2,Rel_growth,2.166666667
2,Spirit_growth,4
2,Seek_life,3.75
3,Nature_close,2.333333333
3,Sen_seek,2.166666667
3,Community,1
3,Rel_growth,2.333333333
3,Spirit_growth,5.2
3,Seek_life,5.5
4,Nature_close,4
4,Sen_seek,4.833333333
4,Community,3
4,Rel_growth,3.5
4,Spirit_growth,4.6
4,Seek_life,6
5,Nature_close,4
5,Sen_seek,5.333333333
5,Community,1.666666667
5,Rel_growth,1.5
5,Spirit_growth,4.4
5,Seek_life,1.75
6,Nature_close,4
6,Sen_seek,4.333333333
6,Community,1.666666667
6,Rel_growth,1.5
6,Spirit_growth,5.8
6,Seek_life,4
7,Nature_close,1.666666667
7,Sen_seek,1.5
7,Community,1
7,Rel_growth,5.666666667
7,Spirit_growth,3.2
7,Seek_life,3
8,Nature_close,5.333333333
8,Sen_seek,2.666666667
8,Community,2
8,Rel_growth,3.666666667
8,Spirit_growth,3.8
8,Seek_life,3.75
9,Nature_close,4.333333333
9,Sen_seek,4.5
9,Community,2.666666667
9,Rel_growth,3.833333333
9,Spirit_growth,5.2
9,Seek_life,5.5
10,Nature_close,4.666666667
10,Sen_seek,4.333333333
10,Community,3
10,Rel_growth,3.085666667
10,Spirit_growth,5.8
10,Seek_life,4.75
11,Nature_close,1.666666667
11,Sen_seek,3.5
11,Community,1.666666667
11,Rel_growth,1
11,Spirit_growth,1.6
11,Seek_life,1.25
12,Nature_close,4.333333333
12,Sen_seek,5.333333333
12,Community,2
12,Rel_growth,2
12,Spirit_growth,4.8
12,Seek_life,4.75
13,Nature_close,2.958333333
13,Sen_seek,4
13,Community,2.333333333
13,Rel_growth,1
13,Spirit_growth,1.8
13,Seek_life,1
14,Nature_close,5
14,Sen_seek,3.666666667
14,Community,2.253
14,Rel_growth,1.666666667
14,Spirit_growth,2.8
14,Seek_life,1.5
15,Nature_close,5.333333333
15,Sen_seek,4.5
15,Community,1.333333333
15,Rel_growth,2.333333333
15,Spirit_growth,5.6
15,Seek_life,4.5
16,Nature_close,4.333333333
16,Sen_seek,4.166666667
16,Community,2.666666667
16,Rel_growth,2.333333333
16,Spirit_growth,5.6
16,Seek_life,4.25
17,Nature_close,4.333333333
17,Sen_seek,3.666666667
17,Community,2.253
17,Rel_growth,1.166666667
17,Spirit_growth,3
17,Seek_life,1.25
18,Nature_close,3.666666667
18,Sen_seek,4.666666667
18,Community,1
18,Rel_growth,1.666666667
18,Spirit_growth,3.8
18,Seek_life,2.75
19,Nature_close,5.333333333
19,Sen_seek,3.333333333
19,Community,2
19,Rel_growth,5
19,Spirit_growth,5
19,Seek_life,4
20,Nature_close,5.333333333
20,Sen_seek,5.5
20,Community,3.666666667
20,Rel_growth,3.666666667
20,Spirit_growth,4.2
20,Seek_life,3.75
21,Nature_close,4.333333333
21,Sen_seek,4.166666667
21,Community,1.666666667
21,Rel_growth,2.833333333
21,Spirit_growth,2.2
21,Seek_life,1.25
22,Nature_close,4.333333333
22,Sen_seek,3.833333333
22,Community,1
22,Rel_growth,2
22,Spirit_growth,1.6
22,Seek_life,1.75
23,Nature_close,4.333333333
23,Sen_seek,3.5
23,Community,2.666666667
23,Rel_growth,3.666666667
23,Spirit_growth,2.6
23,Seek_life,2.25
24,Nature_close,4.666666667
24,Sen_seek,4.833333333
24,Community,1.333333333
24,Rel_growth,3.806666667
24,Spirit_growth,5.4
24,Seek_life,4.5
25,Nature_close,5.333333333
25,Sen_seek,4.166666667
25,Community,4
25,Rel_growth,4.666666667
25,Spirit_growth,5.4
25,Seek_life,4.5
26,Nature_close,3
26,Sen_seek,4.666666667
26,Community,2
26,Rel_growth,2.166666667
26,Spirit_growth,4
26,Seek_life,5.25
27,Nature_close,3.333333333
27,Sen_seek,3.166666667
27,Community,3.333333333
27,Rel_growth,4.5
27,Spirit_growth,4
27,Seek_life,3.75
28,Nature_close,5.666666667
28,Sen_seek,4
28,Community,4
28,Rel_growth,3.5
28,Spirit_growth,3.6
28,Seek_life,2.25
29,Nature_close,4.333333333
29,Sen_seek,5.333333333
29,Community,3
29,Rel_growth,2.166666667
29,Spirit_growth,4.6
29,Seek_life,3.75
30,Nature_close,4.666666667
30,Sen_seek,4.166666667
30,Community,2.666666667
30,Rel_growth,2.333333333
30,Spirit_growth,4.2
30,Seek_life,5.25
31,Nature_close,5.333333333
31,Sen_seek,5
31,Community,3.333333333
31,Rel_growth,3.833333333
31,Spirit_growth,4.8
31,Seek_life,2.75
32,Nature_close,3.666666667
32,Sen_seek,4.333333333
32,Community,1.666666667
32,Rel_growth,1.166666667
32,Spirit_growth,3.2
32,Seek_life,3.25
33,Nature_close,4
33,Sen_seek,4
33,Community,2.333333333
33,Rel_growth,1
33,Spirit_growth,3.2
33,Seek_life,1.75
34,Nature_close,2.333333333
34,Sen_seek,5.666666667
34,Community,2.666666667
34,Rel_growth,1.666666667
34,Spirit_growth,2.6
34,Seek_life,1.5
35,Nature_close,3.666666667
35,Sen_seek,2.166666667
35,Community,2.666666667
35,Rel_growth,3
35,Spirit_growth,3
35,Seek_life,2.25
36,Nature_close,4.333333333
36,Sen_seek,3.666666667
36,Community,3.333333333
36,Rel_growth,2.166666667
36,Spirit_growth,3.6
36,Seek_life,3
37,Nature_close,4.333333333
37,Sen_seek,5.166666667
37,Community,4
37,Rel_growth,3.166666667
37,Spirit_growth,4
37,Seek_life,2.75
38,Nature_close,6
38,Sen_seek,2
38,Community,4.333333333
38,Rel_growth,6
38,Spirit_growth,4
38,Seek_life,1.75
39,Nature_close,4.666666667
39,Sen_seek,5.833333333
39,Community,1.666666667
39,Rel_growth,2.166666667
39,Spirit_growth,2.8
39,Seek_life,4
40,Nature_close,1.333333333
40,Sen_seek,2.666666667
40,Community,1
40,Rel_growth,1
40,Spirit_growth,1.8
40,Seek_life,2.25
42,Nature_close,4.666666667
42,Sen_seek,5
42,Community,3.333333333
42,Rel_growth,2.333333333
42,Spirit_growth,2.8
42,Seek_life,3
43,Nature_close,2.333333333
43,Sen_seek,2.833333333
43,Community,1
43,Rel_growth,5.166666667
43,Spirit_growth,2.4
43,Seek_life,1
44,Nature_close,5
44,Sen_seek,5
44,Community,1.666666667
44,Rel_growth,5.5
44,Spirit_growth,5.2
44,Seek_life,4.75
45,Nature_close,3.666666667
45,Sen_seek,3.666666667
45,Community,2
45,Rel_growth,2.333333333
45,Spirit_growth,3.6
45,Seek_life,3
46,Nature_close,4.333333333
46,Sen_seek,4.166666667
46,Community,2
46,Rel_growth,2.166666667
46,Spirit_growth,3.6
46,Seek_life,1.5
47,Nature_close,4
47,Sen_seek,3.333333333
47,Community,3.333333333
47,Rel_growth,1.333333333
47,Spirit_growth,3.8
47,Seek_life,3.25
48,Nature_close,3.666666667
48,Sen_seek,4.5
48,Community,4
48,Rel_growth,2.833333333
48,Spirit_growth,4.4188
48,Seek_life,1.75
49,Nature_close,4.333333333
49,Sen_seek,4.5
49,Community,2.666666667
49,Rel_growth,1.833333333
49,Spirit_growth,5.6
49,Seek_life,3.5
50,Nature_close,4
50,Sen_seek,5.5
50,Community,1.666666667
50,Rel_growth,1
50,Spirit_growth,3.4
50,Seek_life,1.75
51,Nature_close,4
51,Sen_seek,1.333333333
51,Community,2.666666667
51,Rel_growth,4.833333333
51,Spirit_growth,4.2
51,Seek_life,3.25
52,Nature_close,5.666666667
52,Sen_seek,4
52,Community,2.253
52,Rel_growth,1.333333333
52,Spirit_growth,3.8
52,Seek_life,1.75
53,Nature_close,4.666666667
53,Sen_seek,4.5
53,Community,2.333333333
53,Rel_growth,2.166666667
53,Spirit_growth,4.947
53,Seek_life,4
54,Nature_close,4
54,Sen_seek,5.666666667
54,Community,1.333333333
54,Rel_growth,2.333333333
54,Spirit_growth,4
54,Seek_life,3.75
55,Nature_close,4.333333333
55,Sen_seek,5.333333333
55,Community,3
55,Rel_growth,2.666666667
55,Spirit_growth,5
55,Seek_life,3.25
56,Nature_close,3.666666667
56,Sen_seek,2.5
56,Community,1
56,Rel_growth,2.666666667
56,Spirit_growth,3.8
56,Seek_life,4
57,Nature_close,4.666666667
57,Sen_seek,3.166666667
57,Community,1
57,Rel_growth,5.166666667
57,Spirit_growth,6
57,Seek_life,5.75
58,Nature_close,4.666666667
58,Sen_seek,6
58,Community,6
58,Rel_growth,4.333333333
58,Spirit_growth,5.2
58,Seek_life,4.75
59,Nature_close,5.333333333
59,Sen_seek,5.5
59,Community,2.586333333
59,Rel_growth,2.666666667
59,Spirit_growth,3.8
59,Seek_life,3.25
60,Nature_close,3.666666667
60,Sen_seek,5.166666667
60,Community,1
60,Rel_growth,1.333333333
60,Spirit_growth,3.2
60,Seek_life,1.75
61,Nature_close,5.666666667
61,Sen_seek,2.166666667
61,Community,1.666666667
61,Rel_growth,5.166666667
61,Spirit_growth,5
61,Seek_life,4.25
62,Nature_close,5.333333333
62,Sen_seek,2.5
62,Community,5.333333333
62,Rel_growth,5.833333333
62,Spirit_growth,6
62,Seek_life,3.5
63,Nature_close,5
63,Sen_seek,1.833333333
63,Community,3.666666667
63,Rel_growth,4.166666667
63,Spirit_growth,2.2
63,Seek_life,1
64,Nature_close,4.333333333
64,Sen_seek,2
64,Community,3.666666667
64,Rel_growth,5.666666667
64,Spirit_growth,6
64,Seek_life,2
65,Nature_close,3.666666667
65,Sen_seek,3.166666667
65,Community,4
65,Rel_growth,2.166666667
65,Spirit_growth,2.4
65,Seek_life,2
66,Nature_close,5.333333333
66,Sen_seek,4.166666667
66,Community,3.666666667
66,Rel_growth,4.5
66,Spirit_growth,5.2
66,Seek_life,5.75
67,Nature_close,6
67,Sen_seek,5.166666667
67,Community,3.666666667
67,Rel_growth,4
67,Spirit_growth,5
67,Seek_life,3
68,Nature_close,4.333333333
68,Sen_seek,2.666666667
68,Community,1
68,Rel_growth,4.166666667
68,Spirit_growth,4.2
68,Seek_life,4.5
69,Nature_close,5
69,Sen_seek,4.833333333
69,Community,3.666666667
69,Rel_growth,2.833333333
69,Spirit_growth,3.4
69,Seek_life,2.25
70,Nature_close,3.666666667
70,Sen_seek,4.666666667
70,Community,2.333333333
70,Rel_growth,3
70,Spirit_growth,2
70,Seek_life,1
71,Nature_close,4.333333333
71,Sen_seek,4.333333333
71,Community,2.666666667
71,Rel_growth,3.666666667
71,Spirit_growth,4
71,Seek_life,3
72,Nature_close,6
72,Sen_seek,2
72,Community,1
72,Rel_growth,5.666666667
72,Spirit_growth,6
72,Seek_life,4.5
73,Nature_close,1.666666667
73,Sen_seek,4.5
73,Community,1
73,Rel_growth,1.333333333
73,Spirit_growth,1.4
73,Seek_life,2.25
74,Nature_close,3
74,Sen_seek,4.166666667
74,Community,4.666666667
74,Rel_growth,5.333333333
74,Spirit_growth,5.6
74,Seek_life,5.25
75,Nature_close,4.666666667
75,Sen_seek,2.833333333
75,Community,3.333333333
75,Rel_growth,3.333333333
75,Spirit_growth,3.8
75,Seek_life,1.5
76,Nature_close,3
76,Sen_seek,5.666666667
76,Community,4
76,Rel_growth,1.833333333
76,Spirit_growth,2.8
76,Seek_life,4.75
77,Nature_close,3.927
77,Sen_seek,4
77,Community,2.333333333
77,Rel_growth,2.5
77,Spirit_growth,4.4
77,Seek_life,4.75
78,Nature_close,3.666666667
78,Sen_seek,5.666666667
78,Community,1.666666667
78,Rel_growth,3.333333333
78,Spirit_growth,4.2188
78,Seek_life,3.75
79,Nature_close,3.666666667
79,Sen_seek,3.333333333
79,Community,2.666666667
79,Rel_growth,1.666666667
79,Spirit_growth,2.6
79,Seek_life,1
80,Nature_close,4
80,Sen_seek,3.5
80,Community,1
80,Rel_growth,3.666666667
80,Spirit_growth,4.8
80,Seek_life,3.25
81,Nature_close,4.333333333
81,Sen_seek,3.833333333
81,Community,2
81,Rel_growth,2.333333333
81,Spirit_growth,4
81,Seek_life,3.5
82,Nature_close,4
82,Sen_seek,5.166666667
82,Community,3.666666667
82,Rel_growth,2.833333333
82,Spirit_growth,4.2
82,Seek_life,4.75
83,Nature_close,4.333333333
83,Sen_seek,5.5
83,Community,2.333333333
83,Rel_growth,1.666666667
83,Spirit_growth,3
83,Seek_life,4.25
84,Nature_close,4.666666667
84,Sen_seek,4.833333333
84,Community,2
84,Rel_growth,6
84,Spirit_growth,4.6
84,Seek_life,2
85,Nature_close,4.666666667
85,Sen_seek,4.666666667
85,Community,4
85,Rel_growth,4.666666667
85,Spirit_growth,4.6
85,Seek_life,1.5
86,Nature_close,3.666666667
86,Sen_seek,4.5
86,Community,2.333333333
86,Rel_growth,2.333333333
86,Spirit_growth,4.6
86,Seek_life,5.5
87,Nature_close,3.333333333
87,Sen_seek,4.333333333
87,Community,2.666666667
87,Rel_growth,3.333333333
87,Spirit_growth,2.8
87,Seek_life,4.5
88,Nature_close,5
88,Sen_seek,3
88,Community,3.666666667
88,Rel_growth,4.166666667
88,Spirit_growth,5.4
88,Seek_life,3.25
89,Nature_close,4.666666667
89,Sen_seek,4.666666667
89,Community,4
89,Rel_growth,3.666666667
89,Spirit_growth,3.4
89,Seek_life,4
90,Nature_close,4.333333333
90,Sen_seek,4.166666667
90,Community,2
90,Rel_growth,2.519333333
90,Spirit_growth,3.8
90,Seek_life,3.5
91,Nature_close,3.666666667
91,Sen_seek,5.166666667
91,Community,3
91,Rel_growth,5.333333333
91,Spirit_growth,5.4
91,Seek_life,4.25
92,Nature_close,4
92,Sen_seek,5.5
92,Community,1
92,Rel_growth,1
92,Spirit_growth,2.4
92,Seek_life,4.25
93,Nature_close,4.333333333
93,Sen_seek,6
93,Community,2
93,Rel_growth,1.833333333
93,Spirit_growth,5.2
93,Seek_life,3.5
94,Nature_close,4
94,Sen_seek,2
94,Community,1.666666667
94,Rel_growth,4.833333333
94,Spirit_growth,4.6
94,Seek_life,5.75
95,Nature_close,3.666666667
95,Sen_seek,5.666666667
95,Community,2.333333333
95,Rel_growth,1.333333333
95,Spirit_growth,3
95,Seek_life,3
96,Nature_close,5
96,Sen_seek,4.333333333
96,Community,1
96,Rel_growth,3.666666667
96,Spirit_growth,3.2
96,Seek_life,3
97,Nature_close,2.333333333
97,Sen_seek,4.333333333
97,Community,1
97,Rel_growth,4.5
97,Spirit_growth,3.2
97,Seek_life,1
98,Nature_close,5
98,Sen_seek,6
98,Community,1.333333333
98,Rel_growth,1.5
98,Spirit_growth,4
98,Seek_life,2.25
99,Nature_close,5
99,Sen_seek,3.333333333
99,Community,4
99,Rel_growth,5.666666667
99,Spirit_growth,5.5494
99,Seek_life,4.5
100,Nature_close,6
100,Sen_seek,5.333333333
100,Community,3.333333333
100,Rel_growth,5.5
100,Spirit_growth,4.8
100,Seek_life,4.13975
102,Nature_close,6
102,Sen_seek,2.833333333
102,Community,1.666666667
102,Rel_growth,4.166666667
102,Spirit_growth,5
102,Seek_life,4
103,Nature_close,5.333333333
103,Sen_seek,5.333333333
103,Community,1
103,Rel_growth,3
103,Spirit_growth,3.6
103,Seek_life,2.5
104,Nature_close,5
104,Sen_seek,4.333333333
104,Community,4.28
104,Rel_growth,1.666666667
104,Spirit_growth,3.2
104,Seek_life,2.75
105,Nature_close,4.666666667
105,Sen_seek,4
105,Community,4.666666667
105,Rel_growth,4.666666667
105,Spirit_growth,5
105,Seek_life,2.5
106,Nature_close,4.333333333
106,Sen_seek,3.333333333
106,Community,2.586333333
106,Rel_growth,2.666666667
106,Spirit_growth,3.6
106,Seek_life,2.25
107,Nature_close,5.666666667
107,Sen_seek,5
107,Community,2
107,Rel_growth,3.833333333
107,Spirit_growth,5.8
107,Seek_life,4.75
108,Nature_close,5
108,Sen_seek,4.5
108,Community,2.666666667
108,Rel_growth,2.833333333
108,Spirit_growth,3
108,Seek_life,1.75
109,Nature_close,3
109,Sen_seek,3
109,Community,4.666666667
109,Rel_growth,1.666666667
109,Spirit_growth,3.1494
109,Seek_life,1
110,Nature_close,4.333333333
110,Sen_seek,4.666666667
110,Community,2
110,Rel_growth,2.166666667
110,Spirit_growth,4.8
110,Seek_life,3.512975
111,Nature_close,1.666666667
111,Sen_seek,3.666666667
111,Community,4.333333333
111,Rel_growth,2.666666667
111,Spirit_growth,2
111,Seek_life,3
112,Nature_close,3.666666667
112,Sen_seek,3.166666667
112,Community,4
112,Rel_growth,5.166666667
112,Spirit_growth,4.4
112,Seek_life,2.25
113,Nature_close,6
113,Sen_seek,4
113,Community,4.666666667
113,Rel_growth,4.833333333
113,Spirit_growth,3.4
113,Seek_life,2.5
114,Nature_close,4.333333333
114,Sen_seek,4.666666667
114,Community,2.666666667
114,Rel_growth,4.166666667
114,Spirit_growth,5.6
114,Seek_life,5.5
115,Nature_close,5.666666667
115,Sen_seek,5.666666667
115,Community,4.666666667
115,Rel_growth,3.333333333
115,Spirit_growth,3.6
115,Seek_life,1.5
116,Nature_close,3.666666667
116,Sen_seek,3.5
116,Community,4.333333333
116,Rel_growth,1.333333333
116,Spirit_growth,2.4
116,Seek_life,1.25
117,Nature_close,4.333333333
117,Sen_seek,4.666666667
117,Community,2.333333333
117,Rel_growth,4.333333333
117,Spirit_growth,5.4
117,Seek_life,4.75
119,Nature_close,6
119,Sen_seek,3.166666667
119,Community,2.666666667
119,Rel_growth,1.666666667
119,Spirit_growth,5.4
119,Seek_life,2.25
120,Nature_close,5
120,Sen_seek,4.833333333
120,Community,2
120,Rel_growth,2.833333333
120,Spirit_growth,3.6
120,Seek_life,1
121,Nature_close,1
121,Sen_seek,4.833333333
121,Community,2
121,Rel_growth,3.833333333
121,Spirit_growth,2.4
121,Seek_life,1.25
123,Nature_close,6
123,Sen_seek,4.833333333
123,Community,6
123,Rel_growth,5
123,Spirit_growth,5.7494
123,Seek_life,4.5
124,Nature_close,6
124,Sen_seek,6
124,Community,6
124,Rel_growth,6
124,Spirit_growth,5.7494
124,Seek_life,5.5
125,Nature_close,6
125,Sen_seek,5.5
125,Community,5.666666667
125,Rel_growth,4
125,Spirit_growth,5.2
125,Seek_life,5
126,Nature_close,5
126,Sen_seek,5.5
126,Community,6
126,Rel_growth,5
126,Spirit_growth,5.4
126,Seek_life,3
127,Nature_close,4.333333333
127,Sen_seek,4.666666667
127,Community,2
127,Rel_growth,3
127,Spirit_growth,3
127,Seek_life,2.75
128,Nature_close,3.333333333
128,Sen_seek,2
128,Community,1
128,Rel_growth,1
128,Spirit_growth,1.4
128,Seek_life,1
129,Nature_close,4
129,Sen_seek,4.666666667
129,Community,1.444333333
129,Rel_growth,1.5
129,Spirit_growth,3.8
129,Seek_life,2.25
130,Nature_close,4.333333333
130,Sen_seek,4
130,Community,5
130,Rel_growth,4
130,Spirit_growth,4.4
130,Seek_life,4
132,Nature_close,4.333333333
132,Sen_seek,2.666666667
132,Community,1.666666667
132,Rel_growth,1
132,Spirit_growth,2.6
132,Seek_life,1.25
134,Nature_close,4.333333333
134,Sen_seek,4.114666667
134,Community,4.333333333
134,Rel_growth,1.833333333
134,Spirit_growth,1.8
134,Seek_life,1.25
135,Nature_close,3
135,Sen_seek,2.833333333
135,Community,2
135,Rel_growth,4.166666667
135,Spirit_growth,5
135,Seek_life,3.5
136,Nature_close,5.333333333
136,Sen_seek,5.833333333
136,Community,3.333333333
136,Rel_growth,2.5
136,Spirit_growth,4
136,Seek_life,3.5
137,Nature_close,6
137,Sen_seek,5.666666667
137,Community,2.666666667
137,Rel_growth,5.666666667
137,Spirit_growth,6
137,Seek_life,5.5
138,Nature_close,6
138,Sen_seek,3.5
138,Community,2
138,Rel_growth,6
138,Spirit_growth,5.0188
138,Seek_life,6
139,Nature_close,5.666666667
139,Sen_seek,3.833333333
139,Community,3.333333333
139,Rel_growth,3.833333333
139,Spirit_growth,4.5494
139,Seek_life,3.75
140,Nature_close,4.333333333
140,Sen_seek,3.166666667
140,Community,1
140,Rel_growth,4.166666667
140,Spirit_growth,4.3494
140,Seek_life,4.5
141,Nature_close,5.666666667
141,Sen_seek,1.5
141,Community,2
141,Rel_growth,6
141,Spirit_growth,5.8
141,Seek_life,4.75
142,Nature_close,4.666666667
142,Sen_seek,3.252
142,Community,3
142,Rel_growth,3.666666667
142,Spirit_growth,5
142,Seek_life,1.75
143,Nature_close,2.666666667
143,Sen_seek,4.5
143,Community,3.666666667
143,Rel_growth,3
143,Spirit_growth,3.6
143,Seek_life,3.25
144,Nature_close,3.666666667
144,Sen_seek,4.333333333
144,Community,1
144,Rel_growth,2.333333333
144,Spirit_growth,4.6
144,Seek_life,4.5
145,Nature_close,6
145,Sen_seek,4.5
145,Community,5
145,Rel_growth,1.5
145,Spirit_growth,2
145,Seek_life,1.25
146,Nature_close,5
146,Sen_seek,2.333333333
146,Community,2.333333333
146,Rel_growth,5.5
146,Spirit_growth,5.2
146,Seek_life,2
147,Nature_close,6
147,Sen_seek,5
147,Community,3
147,Rel_growth,4.666666667
147,Spirit_growth,5.6
147,Seek_life,2.75
149,Nature_close,5
149,Sen_seek,4.5
149,Community,4.333333333
149,Rel_growth,4.333333333
149,Spirit_growth,4.1494
149,Seek_life,2.25
150,Nature_close,4.333333333
150,Sen_seek,3.833333333
150,Community,5.666666667
150,Rel_growth,3.333333333
150,Spirit_growth,3.7494
150,Seek_life,1.5
151,Nature_close,3
151,Sen_seek,3.166666667
151,Community,2
151,Rel_growth,3.333333333
151,Spirit_growth,3.4
151,Seek_life,3.25
152,Nature_close,5
152,Sen_seek,4.333333333
152,Community,2.666666667
152,Rel_growth,4.166666667
152,Spirit_growth,4.9494
152,Seek_life,4.25
153,Nature_close,6
153,Sen_seek,4
153,Community,1.666666667
153,Rel_growth,4.166666667
153,Spirit_growth,5.7494
153,Seek_life,3.5
154,Nature_close,4
154,Sen_seek,3.333333333
154,Community,2.333333333
154,Rel_growth,4.833333333
154,Spirit_growth,3.1494
154,Seek_life,1.5
155,Nature_close,4
155,Sen_seek,3.833333333
155,Community,3.566333333
155,Rel_growth,4.833333333
155,Spirit_growth,5.4
155,Seek_life,3
156,Nature_close,4.666666667
156,Sen_seek,2.5
156,Community,1.333333333
156,Rel_growth,5.833333333
156,Spirit_growth,4.7494
156,Seek_life,5.5
157,Nature_close,4.666666667
157,Sen_seek,3.5
157,Community,4.333333333
157,Rel_growth,3
157,Spirit_growth,3.6
157,Seek_life,5.25
159,Nature_close,5.666666667
159,Sen_seek,2.833333333
159,Community,1
159,Rel_growth,1.666666667
159,Spirit_growth,3.4
159,Seek_life,5.25
160,Nature_close,4.333333333
160,Sen_seek,4.166666667
160,Community,1
160,Rel_growth,1
160,Spirit_growth,2.8
160,Seek_life,2
161,Nature_close,3.333333333
161,Sen_seek,2.666666667
161,Community,2.666666667
161,Rel_growth,2.666666667
161,Spirit_growth,3.9494
161,Seek_life,2.5
162,Nature_close,4.666666667
162,Sen_seek,5.833333333
162,Community,5
162,Rel_growth,2.166666667
162,Spirit_growth,3
162,Seek_life,4.25
163,Nature_close,5.333333333
163,Sen_seek,4.333333333
163,Community,1
163,Rel_growth,2.166666667
163,Spirit_growth,3.4
163,Seek_life,1.5
164,Nature_close,4.666666667
164,Sen_seek,4.166666667
164,Community,2.333333333
164,Rel_growth,2.752333333
164,Spirit_growth,4.8
164,Seek_life,3
165,Nature_close,5.333333333
165,Sen_seek,3.666666667
165,Community,1.666666667
165,Rel_growth,3.5
165,Spirit_growth,5.2
165,Seek_life,3
166,Nature_close,4.666666667
166,Sen_seek,4.833333333
166,Community,1.333333333
166,Rel_growth,1
166,Spirit_growth,2
166,Seek_life,2
167,Nature_close,3.666666667
167,Sen_seek,5.682833333
167,Community,1
167,Rel_growth,2.5
167,Spirit_growth,1.4
167,Seek_life,1.75
168,Nature_close,5.666666667
168,Sen_seek,4.166666667
168,Community,1
168,Rel_growth,3.166666667
168,Spirit_growth,4.2
168,Seek_life,2.75
169,Nature_close,5.333333333
169,Sen_seek,2.666666667
169,Community,2.666666667
169,Rel_growth,4
169,Spirit_growth,4.4
169,Seek_life,3.25
170,Nature_close,4
170,Sen_seek,3.333333333
170,Community,1.333333333
170,Rel_growth,3.166666667
170,Spirit_growth,3.8
170,Seek_life,3.25
171,Nature_close,3.666666667
171,Sen_seek,4
171,Community,1.666666667
171,Rel_growth,1.166666667
171,Spirit_growth,3.6
171,Seek_life,1.25
172,Nature_close,6
172,Sen_seek,5
172,Community,5.666666667
172,Rel_growth,5.833333333
172,Spirit_growth,6
172,Seek_life,6
173,Nature_close,4.333333333
173,Sen_seek,5.666666667
173,Community,5
173,Rel_growth,1.833333333
173,Spirit_growth,1.8
173,Seek_life,1.5
174,Nature_close,6
174,Sen_seek,4.333333333
174,Community,3.666666667
174,Rel_growth,3.166666667
174,Spirit_growth,5.8
174,Seek_life,3.75
175,Nature_close,4
175,Sen_seek,4.333333333
175,Community,1.333333333
175,Rel_growth,3.166666667
175,Spirit_growth,5.8
175,Seek_life,4.0535
176,Nature_close,3
176,Sen_seek,2.5
176,Community,1
176,Rel_growth,1.666666667
176,Spirit_growth,4.7494
176,Seek_life,1
177,Nature_close,5.666666667
177,Sen_seek,4.333333333
177,Community,3
177,Rel_growth,2.166666667
177,Spirit_growth,4.2
177,Seek_life,1.75
178,Nature_close,4.333333333
178,Sen_seek,5.333333333
178,Community,2.333333333
178,Rel_growth,2.166666667
178,Spirit_growth,3.6
178,Seek_life,2
179,Nature_close,4
179,Sen_seek,3.666666667
179,Community,3.666666667
179,Rel_growth,3
179,Spirit_growth,3.3494
179,Seek_life,2.75
180,Nature_close,4.333333333
180,Sen_seek,3.833333333
180,Community,1
180,Rel_growth,2
180,Spirit_growth,3.2
180,Seek_life,3.25
181,Nature_close,4
181,Sen_seek,3.5
181,Community,3
181,Rel_growth,2.333333333
181,Spirit_growth,2.2
181,Seek_life,1.5
182,Nature_close,3.666666667
182,Sen_seek,3
182,Community,4
182,Rel_growth,4.166666667
182,Spirit_growth,3.7494
182,Seek_life,2.5
183,Nature_close,4.666666667
183,Sen_seek,5.333333333
183,Community,5
183,Rel_growth,5.833333333
183,Spirit_growth,5.3494
183,Seek_life,5.75
185,Nature_close,4.333333333
185,Sen_seek,3.666666667
185,Community,1.333333333
185,Rel_growth,5.333333333
185,Spirit_growth,3.747
185,Seek_life,2.5
186,Nature_close,5.333333333
186,Sen_seek,5
186,Community,1
186,Rel_growth,3.166666667
186,Spirit_growth,5
186,Seek_life,4
187,Nature_close,3
187,Sen_seek,3.333333333
187,Community,1.333333333
187,Rel_growth,1
187,Spirit_growth,2.6
187,Seek_life,2
188,Nature_close,6
188,Sen_seek,6
188,Community,2
188,Rel_growth,1
188,Spirit_growth,4.6
188,Seek_life,3.25
189,Nature_close,4.666666667
189,Sen_seek,3.666666667
189,Community,1.666666667
189,Rel_growth,1.333333333
189,Spirit_growth,4
189,Seek_life,3.5
190,Nature_close,1.666666667
190,Sen_seek,1.833333333
190,Community,1.666666667
190,Rel_growth,3.666666667
190,Spirit_growth,4.5494
190,Seek_life,5.25
191,Nature_close,5.333333333
191,Sen_seek,3.5
191,Community,1.333333333
191,Rel_growth,2
191,Spirit_growth,4.4
191,Seek_life,3.5
192,Nature_close,5.666666667
192,Sen_seek,4
192,Community,5.666666667
192,Rel_growth,5.833333333
192,Spirit_growth,6
192,Seek_life,5.25
193,Nature_close,5
193,Sen_seek,3.333333333
193,Community,3.333333333
193,Rel_growth,2.5
193,Spirit_growth,4.6
193,Seek_life,2.5
194,Nature_close,5.333333333
194,Sen_seek,4.5
194,Community,2.333333333
194,Rel_growth,1
194,Spirit_growth,3.6
194,Seek_life,1.25
195,Nature_close,3.666666667
195,Sen_seek,4.333333333
195,Community,4.333333333
195,Rel_growth,4.833333333
195,Spirit_growth,5.2
195,Seek_life,3.75
196,Nature_close,4
196,Sen_seek,2.166666667
196,Community,1.666666667
196,Rel_growth,4.333333333
196,Spirit_growth,5.2
196,Seek_life,4
197,Nature_close,4
197,Sen_seek,4.166666667
197,Community,3
197,Rel_growth,4.333333333
197,Spirit_growth,4.2
197,Seek_life,2.25
198,Nature_close,4.666666667
198,Sen_seek,3.5
198,Community,1.666666667
198,Rel_growth,1.166666667
198,Spirit_growth,4
198,Seek_life,1.5
199,Nature_close,4.333333333
199,Sen_seek,3.666666667
199,Community,2.666666667
199,Rel_growth,1
199,Spirit_growth,5
199,Seek_life,2.25
200,Nature_close,3.333333333
200,Sen_seek,1
200,Community,2.333333333
200,Rel_growth,5.5
200,Spirit_growth,5.6
200,Seek_life,2.5
201,Nature_close,4.333333333
201,Sen_seek,3.5
201,Community,3.333333333
201,Rel_growth,3.666666667
201,Spirit_growth,5
201,Seek_life,2.75
202,Nature_close,2.666666667
202,Sen_seek,3.5
202,Community,2.666666667
202,Rel_growth,2.666666667
202,Spirit_growth,3
202,Seek_life,1.25
203,Nature_close,4.333333333
203,Sen_seek,2.333333333
203,Community,1
203,Rel_growth,5
203,Spirit_growth,3.7494
203,Seek_life,2.25
204,Nature_close,6
204,Sen_seek,5
204,Community,1.666666667
204,Rel_growth,1
204,Spirit_growth,1.6
204,Seek_life,1
206,Nature_close,4
206,Sen_seek,2.666666667
206,Community,1.666666667
206,Rel_growth,4.666666667
206,Spirit_growth,5.2
206,Seek_life,5.5
209,Nature_close,5.666666667
209,Sen_seek,4.333333333
209,Community,2.333333333
209,Rel_growth,3.666666667
209,Spirit_growth,5.6
209,Seek_life,3.5
210,Nature_close,6
210,Sen_seek,1.666666667
210,Community,2.899666667
210,Rel_growth,4.5
210,Spirit_growth,5.4
210,Seek_life,3.75
212,Nature_close,4.333333333
212,Sen_seek,1.833333333
212,Community,4
212,Rel_growth,5
212,Spirit_growth,4.347
212,Seek_life,2
213,Nature_close,4.666666667
213,Sen_seek,3.166666667
213,Community,2.666666667
213,Rel_growth,6
213,Spirit_growth,6
213,Seek_life,5
214,Nature_close,2.666666667
214,Sen_seek,3.166666667
214,Community,3.333333333
214,Rel_growth,6
214,Spirit_growth,6
214,Seek_life,4
215,Nature_close,6
215,Sen_seek,4.833333333
215,Community,3.666666667
215,Rel_growth,5.666666667
215,Spirit_growth,4.8
215,Seek_life,4
216,Nature_close,3.333333333
216,Sen_seek,3.833333333
216,Community,1.666666667
216,Rel_growth,4.149333333
216,Spirit_growth,5.4
216,Seek_life,4.75
217,Nature_close,5.666666667
217,Sen_seek,3.833333333
217,Community,2
217,Rel_growth,4
217,Spirit_growth,4.4
217,Seek_life,4.75
218,Nature_close,5
218,Sen_seek,2.666666667
218,Community,2.333333333
218,Rel_growth,5.666666667
218,Spirit_growth,5.4
218,Seek_life,3.25
219,Nature_close,3.666666667
219,Sen_seek,1.833333333
219,Community,1.333333333
219,Rel_growth,3.166666667
219,Spirit_growth,4.4
219,Seek_life,1.25
220,Nature_close,4
220,Sen_seek,3.333333333
220,Community,1.333333333
220,Rel_growth,1.166666667
220,Spirit_growth,3
220,Seek_life,2.5
221,Nature_close,4.333333333
221,Sen_seek,2.166666667
221,Community,2
221,Rel_growth,4
221,Spirit_growth,4.8
221,Seek_life,4.75
222,Nature_close,6
222,Sen_seek,4
222,Community,4.666666667
222,Rel_growth,5.666666667
222,Spirit_growth,4.6
222,Seek_life,5
223,Nature_close,2.333333333
223,Sen_seek,1.166666667
223,Community,3.666666667
223,Rel_growth,4
223,Spirit_growth,4.4
223,Seek_life,2.5
224,Nature_close,4.333333333
224,Sen_seek,4.333333333
224,Community,3.333333333
224,Rel_growth,3
224,Spirit_growth,5.6
224,Seek_life,5.5
225,Nature_close,5
225,Sen_seek,5.666666667
225,Community,4.666666667
225,Rel_growth,1.166666667
225,Spirit_growth,3
225,Seek_life,2
226,Nature_close,4.333333333
226,Sen_seek,5.166666667
226,Community,6
226,Rel_growth,2
226,Spirit_growth,5.6
226,Seek_life,5.5
228,Nature_close,2.666666667
228,Sen_seek,4.666666667
228,Community,1.666666667
228,Rel_growth,3.166666667
228,Spirit_growth,3.6
228,Seek_life,5
229,Nature_close,4.666666667
229,Sen_seek,3.833333333
229,Community,2
229,Rel_growth,3.833333333
229,Spirit_growth,5.2
229,Seek_life,2
230,Nature_close,4.666666667
230,Sen_seek,4.5
230,Community,1.666666667
230,Rel_growth,3.833333333
230,Spirit_growth,4.2
230,Seek_life,1.5
231,Nature_close,3.666666667
231,Sen_seek,4
231,Community,2.666666667
231,Rel_growth,1
231,Spirit_growth,1.4
231,Seek_life,1
232,Nature_close,6
232,Sen_seek,3.333333333
232,Community,4.333333333
232,Rel_growth,5.166666667
232,Spirit_growth,5
232,Seek_life,2
233,Nature_close,4
233,Sen_seek,3
233,Community,2
233,Rel_growth,5.166666667
233,Spirit_growth,3.2
233,Seek_life,2.5
234,Nature_close,4
234,Sen_seek,3.333333333
234,Community,1.666666667
234,Rel_growth,3.333333333
234,Spirit_growth,5.6
234,Seek_life,5.5
235,Nature_close,4.666666667
235,Sen_seek,4.666666667
235,Community,1.333333333
235,Rel_growth,3.166666667
235,Spirit_growth,4.9522
235,Seek_life,3.5
237,Nature_close,2.666666667
237,Sen_seek,3.666666667
237,Community,2
237,Rel_growth,2.166666667
237,Spirit_growth,1.8
237,Seek_life,1
238,Nature_close,3
238,Sen_seek,1.5
238,Community,2
238,Rel_growth,5
238,Spirit_growth,4.1494
238,Seek_life,3.5
239,Nature_close,4.666666667
239,Sen_seek,3.5
239,Community,3.333333333
239,Rel_growth,4.166666667
239,Spirit_growth,4.8
239,Seek_life,4
240,Nature_close,1.666666667
240,Sen_seek,1.666666667
240,Community,1
240,Rel_growth,1
240,Spirit_growth,3
240,Seek_life,1
241,Nature_close,6
241,Sen_seek,3
241,Community,5
241,Rel_growth,5.166666667
241,Spirit_growth,5.6
241,Seek_life,2.5
242,Nature_close,4.333333333
242,Sen_seek,4.666666667
242,Community,2.666666667
242,Rel_growth,2.166666667
242,Spirit_growth,4.7494
242,Seek_life,5.5
243,Nature_close,3.666666667
243,Sen_seek,4
243,Community,2.333333333
243,Rel_growth,1.833333333
243,Spirit_growth,4.2
243,Seek_life,3.5
244,Nature_close,5.333333333
244,Sen_seek,5.666666667
244,Community,1.333333333
244,Rel_growth,2.333333333
244,Spirit_growth,5
244,Seek_life,3.5
245,Nature_close,2.333333333
245,Sen_seek,1.833333333
245,Community,1
245,Rel_growth,4.166666667
245,Spirit_growth,3.2
245,Seek_life,2
247,Nature_close,6
247,Sen_seek,3.666666667
247,Community,2.333333333
247,Rel_growth,3
247,Spirit_growth,4.8
247,Seek_life,5
248,Nature_close,2.666666667
248,Sen_seek,2.5
248,Community,3.333333333
248,Rel_growth,4.5
248,Spirit_growth,3.9494
248,Seek_life,3.25
249,Nature_close,4
249,Sen_seek,2.833333333
249,Community,3.666666667
249,Rel_growth,5.5
249,Spirit_growth,4.7494
249,Seek_life,3.5
250,Nature_close,4.666666667
250,Sen_seek,3.833333333
250,Community,4.333333333
250,Rel_growth,5
250,Spirit_growth,5.1494
250,Seek_life,4.25
251,Nature_close,4.333333333
251,Sen_seek,4.666666667
251,Community,3.666666667
251,Rel_growth,2
251,Spirit_growth,2.9494
251,Seek_life,3.75
252,Nature_close,6
252,Sen_seek,5.333333333
252,Community,4.333333333
252,Rel_growth,3
252,Spirit_growth,5.6
252,Seek_life,4
253,Nature_close,6
253,Sen_seek,5.5
253,Community,1.666666667
253,Rel_growth,3.5
253,Spirit_growth,5.7494
253,Seek_life,6
254,Nature_close,3.666666667
254,Sen_seek,2.833333333
254,Community,5
254,Rel_growth,5.333333333
254,Spirit_growth,5.8
254,Seek_life,4.25
256,Nature_close,5.333333333
256,Sen_seek,4.333333333
256,Community,3
256,Rel_growth,3.666666667
256,Spirit_growth,4.8
256,Seek_life,3.25
257,Nature_close,3.333333333
257,Sen_seek,4.333333333
257,Community,2
257,Rel_growth,1
257,Spirit_growth,2.4
257,Seek_life,4.5
258,Nature_close,5
258,Sen_seek,5.333333333
258,Community,4.666666667
258,Rel_growth,3.833333333
258,Spirit_growth,5.3494
258,Seek_life,4
259,Nature_close,4
259,Sen_seek,2.188
259,Community,5.666666667
259,Rel_growth,4.833333333
259,Spirit_growth,4.4
259,Seek_life,1
260,Nature_close,5.333333333
260,Sen_seek,5
260,Community,3
260,Rel_growth,2.833333333
260,Spirit_growth,3.3522
260,Seek_life,3.25
261,Nature_close,5.333333333
261,Sen_seek,6
261,Community,3.333333333
261,Rel_growth,2.833333333
261,Spirit_growth,4
261,Seek_life,2.5
263,Nature_close,6
263,Sen_seek,5.833333333
263,Community,3.333333333
263,Rel_growth,4.5
263,Spirit_growth,5.4
263,Seek_life,4.25
264,Nature_close,3
264,Sen_seek,1.833333333
264,Community,1
264,Rel_growth,2.666666667
264,Spirit_growth,5.2
264,Seek_life,2.5
265,Nature_close,5
265,Sen_seek,3.666666667
265,Community,4
265,Rel_growth,4.333333333
265,Spirit_growth,5
265,Seek_life,3.5
266,Nature_close,4
266,Sen_seek,3.333333333
266,Community,4.666666667
266,Rel_growth,2.166666667
266,Spirit_growth,4.8
266,Seek_life,2.75
267,Nature_close,4.333333333
267,Sen_seek,4
267,Community,1.666666667
267,Rel_growth,1.5
267,Spirit_growth,3.2
267,Seek_life,1.25
269,Nature_close,6
269,Sen_seek,2.833333333
269,Community,3.333333333
269,Rel_growth,1.666666667
269,Spirit_growth,4.4
269,Seek_life,2.25
270,Nature_close,4.666666667
270,Sen_seek,1.333333333
270,Community,4
270,Rel_growth,6
270,Spirit_growth,5.7494
270,Seek_life,6
271,Nature_close,4
271,Sen_seek,4.666666667
271,Community,2
271,Rel_growth,2.333333333
271,Spirit_growth,5.4
271,Seek_life,5.25
273,Nature_close,2.333333333
273,Sen_seek,1.333333333
273,Community,1
273,Rel_growth,5.166666667
273,Spirit_growth,4.2
273,Seek_life,1.75
274,Nature_close,4.333333333
274,Sen_seek,1.5
274,Community,3.666666667
274,Rel_growth,3.833333333
274,Spirit_growth,5.7494
274,Seek_life,4.75
275,Nature_close,2.333333333
275,Sen_seek,2
275,Community,1.666666667
275,Rel_growth,2.5
275,Spirit_growth,1
275,Seek_life,1
276,Nature_close,3.333333333
276,Sen_seek,2.166666667
276,Community,3.666666667
276,Rel_growth,2
276,Spirit_growth,3.4
276,Seek_life,1
277,Nature_close,3.666666667
277,Sen_seek,2.333333333
277,Community,4
277,Rel_growth,4.333333333
277,Spirit_growth,3.6
277,Seek_life,1.5
278,Nature_close,5
278,Sen_seek,4.666666667
278,Community,4.666666667
278,Rel_growth,1.166666667
278,Spirit_growth,5.4
278,Seek_life,4.25
279,Nature_close,3
279,Sen_seek,3.5
279,Community,3.333333333
279,Rel_growth,3.333333333
279,Spirit_growth,2.8
279,Seek_life,2.25
280,Nature_close,6
280,Sen_seek,5.666666667
280,Community,3
280,Rel_growth,2.5
280,Spirit_growth,5.6
280,Seek_life,3.25
281,Nature_close,3.333333333
281,Sen_seek,5
281,Community,2.666666667
281,Rel_growth,1
281,Spirit_growth,3.2
281,Seek_life,3.5
282,Nature_close,4
282,Sen_seek,4.166666667
282,Community,2.333333333
282,Rel_growth,1
282,Spirit_growth,4.2
282,Seek_life,1.75
284,Nature_close,4.333333333
284,Sen_seek,4.833333333
284,Community,2.666666667
284,Rel_growth,1.333333333
284,Spirit_growth,4
284,Seek_life,3.25
285,Nature_close,3.333333333
285,Sen_seek,1.833333333
285,Community,2.666666667
285,Rel_growth,6
285,Spirit_growth,5.6
285,Seek_life,2.5
287,Nature_close,4.333333333
287,Sen_seek,4.666666667
287,Community,1
287,Rel_growth,1
287,Spirit_growth,1.7522
287,Seek_life,2
288,Nature_close,6
288,Sen_seek,4.166666667
288,Community,3.666666667
288,Rel_growth,2.166666667
288,Spirit_growth,1.8
288,Seek_life,1
289,Nature_close,4
289,Sen_seek,4
289,Community,2.666666667
289,Rel_growth,2.833333333
289,Spirit_growth,4
289,Seek_life,3.25
290,Nature_close,3.333333333
290,Sen_seek,4.5
290,Community,4.666666667
290,Rel_growth,5.166666667
290,Spirit_growth,5.4
290,Seek_life,2.75
291,Nature_close,4
291,Sen_seek,5.5
291,Community,5.333333333
291,Rel_growth,5.333333333
291,Spirit_growth,4.2
291,Seek_life,4.25
292,Nature_close,3
292,Sen_seek,3.333333333
292,Community,2
292,Rel_growth,2.666666667
292,Spirit_growth,3.6
292,Seek_life,2.25
293,Nature_close,3.666666667
293,Sen_seek,3.833333333
293,Community,4
293,Rel_growth,5.333333333
293,Spirit_growth,5.6
293,Seek_life,4.25
294,Nature_close,4
294,Sen_seek,3.166666667
294,Community,3.666666667
294,Rel_growth,5.666666667
294,Spirit_growth,5
294,Seek_life,3.25
295,Nature_close,4
295,Sen_seek,5
295,Community,3.666666667
295,Rel_growth,1.565166667
295,Spirit_growth,3.4
295,Seek_life,2
296,Nature_close,2.333333333
296,Sen_seek,3.833333333
296,Community,3
296,Rel_growth,2.666666667
296,Spirit_growth,2
296,Seek_life,1.5
297,Nature_close,4.333333333
297,Sen_seek,2.666666667
297,Community,5
297,Rel_growth,4.833333333
297,Spirit_growth,4.4
297,Seek_life,3
298,Nature_close,2.666666667
298,Sen_seek,1
298,Community,2.666666667
298,Rel_growth,2
298,Spirit_growth,3.4
298,Seek_life,3.25
299,Nature_close,2.593666667
299,Sen_seek,2.333333333
299,Community,1.666666667
299,Rel_growth,2.833333333
299,Spirit_growth,5.4
299,Seek_life,6
301,Nature_close,5.333333333
301,Sen_seek,5.833333333
301,Community,3
301,Rel_growth,3.666666667
301,Spirit_growth,5.4
301,Seek_life,5.75
302,Nature_close,5.333333333
302,Sen_seek,4.5
302,Community,5
302,Rel_growth,5.666666667
302,Spirit_growth,5.2
302,Seek_life,4
303,Nature_close,6
303,Sen_seek,4.833333333
303,Community,2.333333333
303,Rel_growth,1.333333333
303,Spirit_growth,4.4
303,Seek_life,2.5
304,Nature_close,5.666666667
304,Sen_seek,5.833333333
304,Community,4.333333333
304,Rel_growth,1.166666667
304,Spirit_growth,3.6
304,Seek_life,1.75
305,Nature_close,5
305,Sen_seek,5.166666667
305,Community,4.666666667
305,Rel_growth,2.333333333
305,Spirit_growth,3
305,Seek_life,2
306,Nature_close,1.666666667
306,Sen_seek,4.333333333
306,Community,4
306,Rel_growth,2
306,Spirit_growth,2.4
306,Seek_life,1
307,Nature_close,5.333333333
307,Sen_seek,4.5
307,Community,2.333333333
307,Rel_growth,3.5
307,Spirit_growth,3.2
307,Seek_life,2
308,Nature_close,5
308,Sen_seek,4.166666667
308,Community,5.666666667
308,Rel_growth,5.166666667
308,Spirit_growth,5.4
308,Seek_life,4
309,Nature_close,6
309,Sen_seek,4.333333333
309,Community,4.333333333
309,Rel_growth,4.833333333
309,Spirit_growth,5.2
309,Seek_life,3.25
310,Nature_close,5.666666667
310,Sen_seek,5.666666667
310,Community,2.233
310,Rel_growth,6
310,Spirit_growth,6
310,Seek_life,5.75
311,Nature_close,2.333333333
311,Sen_seek,5.166666667
311,Community,1
311,Rel_growth,1.166666667
311,Spirit_growth,4.8
311,Seek_life,3
312,Nature_close,3.666666667
312,Sen_seek,4.5
312,Community,1
312,Rel_growth,3.5
312,Spirit_growth,5.6
312,Seek_life,3.75
313,Nature_close,4.666666667
313,Sen_seek,2.833333333
313,Community,5.333333333
313,Rel_growth,3.333333333
313,Spirit_growth,4
313,Seek_life,1.75
314,Nature_close,5
314,Sen_seek,2.833333333
314,Community,5.666666667
314,Rel_growth,2.5
314,Spirit_growth,2.4
314,Seek_life,2
315,Nature_close,5
315,Sen_seek,2.666666667
315,Community,4
315,Rel_growth,5.833333333
315,Spirit_growth,5.6
315,Seek_life,4.5
316,Nature_close,3
316,Sen_seek,1.666666667
316,Community,2.666666667
316,Rel_growth,6
316,Spirit_growth,5.2
316,Seek_life,2.75
317,Nature_close,3.333333333
317,Sen_seek,4.5
317,Community,3
317,Rel_growth,5.833333333
317,Spirit_growth,5.2
317,Seek_life,4.75
318,Nature_close,4
318,Sen_seek,3
318,Community,4.333333333
318,Rel_growth,5.333333333
318,Spirit_growth,5.4
318,Seek_life,4.5
319,Nature_close,5
319,Sen_seek,4.833333333
319,Community,2.666666667
319,Rel_growth,1.5
319,Spirit_growth,3.8
319,Seek_life,5
320,Nature_close,4.666666667
320,Sen_seek,3.833333333
320,Community,1.666666667
320,Rel_growth,3.166666667
320,Spirit_growth,5.4
320,Seek_life,4.25
321,Nature_close,3.666666667
321,Sen_seek,5.166666667
321,Community,3.666666667
321,Rel_growth,4.5
321,Spirit_growth,4.6
321,Seek_life,3.25
322,Nature_close,3.666666667
322,Sen_seek,3.5
322,Community,2
322,Rel_growth,1.666666667
322,Spirit_growth,2
322,Seek_life,1
323,Nature_close,3.333333333
323,Sen_seek,3.666666667
323,Community,3.666666667
323,Rel_growth,4.833333333
323,Spirit_growth,3.8
323,Seek_life,4
324,Nature_close,4.333333333
324,Sen_seek,4.166666667
324,Community,2
324,Rel_growth,3.166666667
324,Spirit_growth,2.2
324,Seek_life,1
325,Nature_close,3.666666667
325,Sen_seek,3.833333333
325,Community,3
325,Rel_growth,2
325,Spirit_growth,4.2
325,Seek_life,2.5
326,Nature_close,6
326,Sen_seek,3.5
326,Community,3.666666667
326,Rel_growth,2.833333333
326,Spirit_growth,3.8
326,Seek_life,2
327,Nature_close,2.666666667
327,Sen_seek,4
327,Community,2.333333333
327,Rel_growth,1.166666667
327,Spirit_growth,2.2
327,Seek_life,1.75
328,Nature_close,3.666666667
328,Sen_seek,4.5
328,Community,4
328,Rel_growth,4.666666667
328,Spirit_growth,5.6
328,Seek_life,4.5
329,Nature_close,5.333333333
329,Sen_seek,6
329,Community,4
329,Rel_growth,4.833333333
329,Spirit_growth,5.8
329,Seek_life,4
330,Nature_close,3.666666667
330,Sen_seek,4.333333333
330,Community,3.333333333
330,Rel_growth,2.5
330,Spirit_growth,2.8
330,Seek_life,1
331,Nature_close,3.666666667
331,Sen_seek,5.666666667
331,Community,1
331,Rel_growth,1
331,Spirit_growth,2.6
331,Seek_life,1.75
332,Nature_close,4
332,Sen_seek,3.9815
332,Community,3
332,Rel_growth,2.666666667
332,Spirit_growth,2.2
332,Seek_life,1
333,Nature_close,3.333333333
333,Sen_seek,4.166666667
333,Community,3
333,Rel_growth,1.833333333
333,Spirit_growth,1.2
333,Seek_life,1
334,Nature_close,5.666666667
334,Sen_seek,4
334,Community,3.333333333
334,Rel_growth,1
334,Spirit_growth,1.8
334,Seek_life,1.25
335,Nature_close,4.333333333
335,Sen_seek,2.166666667
335,Community,2
335,Rel_growth,5
335,Spirit_growth,4.4
335,Seek_life,2.75
336,Nature_close,5.666666667
336,Sen_seek,5
336,Community,4
336,Rel_growth,1.666666667
336,Spirit_growth,3
336,Seek_life,2.75
337,Nature_close,3.666666667
337,Sen_seek,3.166666667
337,Community,3
337,Rel_growth,3.166666667
337,Spirit_growth,4.2
337,Seek_life,2
338,Nature_close,6
338,Sen_seek,3.833333333
338,Community,3
338,Rel_growth,4.333333333
338,Spirit_growth,4.6
338,Seek_life,2.5
339,Nature_close,5.333333333
339,Sen_seek,3.833333333
339,Community,2.333333333
339,Rel_growth,5
339,Spirit_growth,4
339,Seek_life,1.75
340,Nature_close,4.333333333
340,Sen_seek,2.833333333
340,Community,1.666666667
340,Rel_growth,3.5
340,Spirit_growth,3.6
340,Seek_life,1.5
341,Nature_close,3.666666667
341,Sen_seek,3
341,Community,2.333333333
341,Rel_growth,4.5
341,Spirit_growth,3.8
341,Seek_life,5.5
343,Nature_close,5.666666667
343,Sen_seek,4.5
343,Community,2.333333333
343,Rel_growth,4.833333333
343,Spirit_growth,5.6
343,Seek_life,4
344,Nature_close,5.333333333
344,Sen_seek,4.5
344,Community,2.666666667
344,Rel_growth,3.333333333
344,Spirit_growth,5.8
344,Seek_life,3.75
345,Nature_close,4.333333333
345,Sen_seek,4.333333333
345,Community,2
345,Rel_growth,2.166666667
345,Spirit_growth,5.4
345,Seek_life,2.5
346,Nature_close,4.333333333
346,Sen_seek,4.833333333
346,Community,3.666666667
346,Rel_growth,3.833333333
346,Spirit_growth,5
346,Seek_life,5
347,Nature_close,4.666666667
347,Sen_seek,1
347,Community,2.666666667
347,Rel_growth,4.333333333
347,Spirit_growth,4.4
347,Seek_life,2.25
348,Nature_close,5.333333333
348,Sen_seek,3.833333333
348,Community,2.333333333
348,Rel_growth,4.333333333
348,Spirit_growth,6
348,Seek_life,5
350,Nature_close,4.333333333
350,Sen_seek,3.333333333
350,Community,5
350,Rel_growth,5.666666667
350,Spirit_growth,3.4
350,Seek_life,2.25
351,Nature_close,4
351,Sen_seek,4.333333333
351,Community,4
351,Rel_growth,4.833333333
351,Spirit_growth,5.2
351,Seek_life,5
352,Nature_close,3.666666667
352,Sen_seek,4
352,Community,1.333333333
352,Rel_growth,1.833333333
352,Spirit_growth,4.4
352,Seek_life,1.25
353,Nature_close,4.333333333
353,Sen_seek,2.833333333
353,Community,2
353,Rel_growth,4.5
353,Spirit_growth,4.8
353,Seek_life,3
354,Nature_close,2
354,Sen_seek,1.833333333
354,Community,1
354,Rel_growth,3.666666667
354,Spirit_growth,2.8
354,Seek_life,3
355,Nature_close,3
355,Sen_seek,2.166666667
355,Community,3
355,Rel_growth,3.5
355,Spirit_growth,3.2
355,Seek_life,1.75
356,Nature_close,5.666666667
356,Sen_seek,5.166666667
356,Community,4.333333333
356,Rel_growth,1
356,Spirit_growth,5.2
356,Seek_life,4.75
357,Nature_close,6
357,Sen_seek,6
357,Community,1.666666667
357,Rel_growth,1.666666667
357,Spirit_growth,4.4
357,Seek_life,2.75
358,Nature_close,6
358,Sen_seek,3.333333333
358,Community,1
358,Rel_growth,4.333333333
358,Spirit_growth,6
358,Seek_life,4
359,Nature_close,3.291666667
359,Sen_seek,5.833333333
359,Community,1
359,Rel_growth,2.333333333
359,Spirit_growth,4.6
359,Seek_life,4.75
360,Nature_close,5
360,Sen_seek,3.166666667
360,Community,2.666666667
360,Rel_growth,3.833333333
360,Spirit_growth,4
360,Seek_life,1.25
361,Nature_close,5.333333333
361,Sen_seek,5.333333333
361,Community,3.333333333
361,Rel_growth,4.5
361,Spirit_growth,5.2
361,Seek_life,3.63975
362,Nature_close,5.333333333
362,Sen_seek,4.833333333
362,Community,3.333333333
362,Rel_growth,3
362,Spirit_growth,3.6
362,Seek_life,3
363,Nature_close,4.333333333
363,Sen_seek,4.5
363,Community,1.666666667
363,Rel_growth,1.166666667
363,Spirit_growth,2.4
363,Seek_life,2.5
364,Nature_close,4.333333333
364,Sen_seek,2.333333333
364,Community,3.333333333
364,Rel_growth,5.333333333
364,Spirit_growth,5
364,Seek_life,3.25
365,Nature_close,3.756666667
365,Sen_seek,3
365,Community,2
365,Rel_growth,4
365,Spirit_growth,4.4
365,Seek_life,2
366,Nature_close,3.333333333
366,Sen_seek,2.448
366,Community,1
366,Rel_growth,4.166666667
366,Spirit_growth,3.8
366,Seek_life,2
367,Nature_close,3.333333333
367,Sen_seek,1.5
367,Community,3.666666667
367,Rel_growth,1.666666667
367,Spirit_growth,5.4
367,Seek_life,2.25
368,Nature_close,4
368,Sen_seek,4.5
368,Community,3
368,Rel_growth,1
368,Spirit_growth,2.4
368,Seek_life,1.5
369,Nature_close,4.666666667
369,Sen_seek,3.666666667
369,Community,1
369,Rel_growth,1.666666667
369,Spirit_growth,3
369,Seek_life,3.5
370,Nature_close,4.333333333
370,Sen_seek,2
370,Community,2.666666667
370,Rel_growth,5.166666667
370,Spirit_growth,5
370,Seek_life,6
371,Nature_close,4.666666667
371,Sen_seek,4.333333333
371,Community,2.333333333
371,Rel_growth,4.833333333
371,Spirit_growth,4.8
371,Seek_life,4.25
372,Nature_close,3
372,Sen_seek,2
372,Community,3.666666667
372,Rel_growth,3.833333333
372,Spirit_growth,3.6
372,Seek_life,2.25
373,Nature_close,3.666666667
373,Sen_seek,5.666666667
373,Community,1.666666667
373,Rel_growth,1.166666667
373,Spirit_growth,4.2
373,Seek_life,3
374,Nature_close,4.333333333
374,Sen_seek,3.166666667
374,Community,1
374,Rel_growth,1
374,Spirit_growth,3.6
374,Seek_life,1
375,Nature_close,4.666666667
375,Sen_seek,3.166666667
375,Community,2.333333333
375,Rel_growth,4.833333333
375,Spirit_growth,5.8
375,Seek_life,5.5
376,Nature_close,1.666666667
376,Sen_seek,3.166666667
376,Community,3.333333333
376,Rel_growth,2.666666667
376,Spirit_growth,1.4
376,Seek_life,1.75
377,Nature_close,5.333333333
377,Sen_seek,3.5
377,Community,3
377,Rel_growth,4
377,Spirit_growth,5
377,Seek_life,2.75
378,Nature_close,4.333333333
378,Sen_seek,5.166666667
378,Community,5.333333333
378,Rel_growth,5.5
378,Spirit_growth,5.4
378,Seek_life,4.5
379,Nature_close,6
379,Sen_seek,6
379,Community,4.333333333
379,Rel_growth,5.833333333
379,Spirit_growth,5
379,Seek_life,4.75
380,Nature_close,3.666666667
380,Sen_seek,2
380,Community,2.666666667
380,Rel_growth,3.833333333
380,Spirit_growth,4.2
380,Seek_life,4.5
381,Nature_close,5.333333333
381,Sen_seek,4.666666667
381,Community,2
381,Rel_growth,4.166666667
381,Spirit_growth,4.4
381,Seek_life,2
382,Nature_close,5
382,Sen_seek,2.5
382,Community,3.666666667
382,Rel_growth,5.5
382,Spirit_growth,6
382,Seek_life,3.75
383,Nature_close,5
383,Sen_seek,5.666666667
383,Community,1.666666667
383,Rel_growth,5.666666667
383,Spirit_growth,5.8
383,Seek_life,5.5
384,Nature_close,5.666666667
384,Sen_seek,4.833333333
384,Community,3
384,Rel_growth,6
384,Spirit_growth,4.4
384,Seek_life,6
385,Nature_close,5.666666667
385,Sen_seek,3.5
385,Community,1.333333333
385,Rel_growth,4.5
385,Spirit_growth,3.4
385,Seek_life,2.25
